<?xml version="1.0" encoding="UTF-8"?>
<!DOCTYPE hibernate-configuration PUBLIC "-//Hibernate/Hibernate Configuration DTD 3.0//EN"
        "http://hibernate.sourceforge.net/hibernate-configuration-3.0.dtd">

<hibernate-configuration>
    <session-factory>
        <property name="show_sql">false</property>
        <property name="format_sql">true</property>
        <property name="dialect">com.company.enroller.persistence.SQLiteDialect</property>
        <property name="connection.driver_class">org.sqlite.JDBC</property>
        <property name="connection.url">jdbc:sqlite:enroller.db</property>
        <property name="hibernate.hbm2ddl.auto">create</property>
        <property name="connection.username"></property>
        <property name="connection.password"></property>

        <mapping class="com.company.enroller.model.Meeting"/>
        <mapping class="com.company.enroller.model.Participant"/>

    </session-factory>
</hibernate-configuration>
